{
  "lastUpdated": "2026-02-11T15:45:00+09:00",
  "spots": [
    {
      "name": "須磨海釣り公園",
      "area": "神戸",
      "distance": 2.3,
      "info": "2024年11月リニューアル・営業7:00-17:00・2月月間大物賞開催中",
      "catches": [
        {"fish": "アジ", "size": 18, "count": 35, "time": "朝", "user": "ファミリー釣り師", "method": "サビキ"},
        {"fish": "サバ", "size": 32, "count": 20, "time": "夕方", "user": "サビキマスター", "method": "サビキ"},
        {"fish": "チヌ", "size": 38, "count": 1, "time": "3時間前", "user": "落とし込み師", "method": "落とし込み"},
        {"fish": "サヨリ", "size": 28, "count": 5, "time": "4時間前", "user": "サヨリ名人", "method": "サヨリ仕掛け"}
      ]
    },
    {
      "name": "南芦屋浜",
      "area": "尼崎",
      "distance": 5.8,
      "info": "エビ撒きハネダービー開催中・開門8:00-20:00・チヌ30-48cm実績",
      "catches": [
        {"fish": "チヌ", "size": 45, "count": 1, "time": "朝", "user": "フカセ名人", "method": "フカセ釣り"},
        {"fish": "チヌ", "size": 42, "count": 1, "time": "2時間前", "user": "エビ撒き師", "method": "エビ撒き釣り"},
        {"fish": "チヌ", "size": 38, "count": 1, "time": "3時間前", "user": "コーン使い", "method": "フカセ釣り"},
        {"fish": "ハネ", "size": 48, "count": 3, "time": "朝マズメ", "user": "エビ撒きマスター", "method": "エビ撒き釣り"},
        {"fish": "アジ", "size": 16, "count": 15, "time": "4時間前", "user": "サビキ釣り師", "method": "サビキ"},
        {"fish": "サバ", "size": 28, "count": 12, "time": "5時間前", "user": "青物狙い", "method": "サビキ"}
      ]
    },
    {
      "name": "神戸空港ベランダ",
      "area": "神戸",
      "distance": 4.1,
      "info": "朝マズメアジ好調・メバル・ガシラ実績",
      "catches": [
        {"fish": "アジ", "size": 16, "count": 28, "time": "朝マズメ", "user": "サビキ師", "method": "サビキ"},
        {"fish": "メバル", "size": 19, "count": 5, "time": "3時間前", "user": "エビ撒き勢", "method": "エビ撒き釣り"},
        {"fish": "ガシラ", "size": 18, "count": 8, "time": "4時間前", "user": "根魚狙い", "method": "探り釣り"},
        {"fish": "カサゴ", "size": 20, "count": 6, "time": "5時間前", "user": "ロックフィッシュ", "method": "ルアー"}
      ]
    },
    {
      "name": "アジュール舞子",
      "area": "神戸",
      "distance": 6.8,
      "info": "サビキ釣り・初心者向け・エビ撒き実績",
      "catches": [
        {"fish": "アジ", "size": 15, "count": 25, "time": "2時間前", "user": "家族釣り", "method": "サビキ"},
        {"fish": "サバ", "size": 26, "count": 18, "time": "4時間前", "user": "サビキマスター", "method": "サビキ"}
      ]
    },
    {
      "name": "六甲アイランド",
      "area": "神戸",
      "distance": 3.5,
      "info": "2/21六甲マリンパークでイベント・タチウオ・青物",
      "catches": [
        {"fish": "タチウオ", "size": 88, "count": 2, "time": "昨夜", "user": "夜釣り名人", "method": "ワインド"}
      ]
    },
    {
      "name": "明石港",
      "area": "明石",
      "distance": 18.5,
      "info": "船メバル好調・ガシラ実績・松兵衛渡船",
      "catches": [
        {"fish": "メバル", "size": 24, "count": 6, "time": "3時間前", "user": "船メバル師", "method": "船釣り"},
        {"fish": "ガシラ", "size": 22, "count": 15, "time": "4時間前", "user": "ロックフィッシュ", "method": "ルアー"},
        {"fish": "チヌ", "size": 40, "count": 1, "time": "5時間前", "user": "船釣り師", "method": "船釣り"}
      ]
    },
    {
      "name": "芦屋浜",
      "area": "尼崎",
      "distance": 5.2,
      "info": "キス・カレイ・投げ釣り",
      "catches": [
        {"fish": "キス", "size": 21, "count": 6, "time": "5時間前", "user": "投げ釣り師", "method": "投げ釣り"}
      ]
    }
  ],
  "weatherForecast": [
    {
      "date": "今日",
      "temp": 10,
      "condition": "晴れ",
      "icon": "☀️",
      "wind": "北西 4m/s",
      "rain": "10%"
    },
    {
      "date": "明日",
      "temp": 11,
      "condition": "晴れ",
      "icon": "☀️",
      "wind": "北 3m/s",
      "rain": "10%"
    },
    {
      "date": "明後日",
      "temp": 12,
      "condition": "曇り",
      "icon": "⛅",
      "wind": "北東 3m/s",
      "rain": "20%"
    }
  ],
  "moonPhase": {
    "age": 13.5,
    "name": "小潮",
    "icon": "🌔",
    "tide": "小潮",
    "fishing": "まずまずの釣り日和",
    "nextBigTide": "2月17日〜19日（大潮）"
  },
  "historicalData": {
    "須磨海釣り公園": {
      "2月": {
        "アジ": {"minSize": 14, "maxSize": 25, "avgCount": 30, "method": "サビキ"},
        "サバ": {"minSize": 26, "maxSize": 35, "avgCount": 20, "method": "サビキ"},
        "チヌ": {"minSize": 30, "maxSize": 45, "avgCount": 2, "method": "落とし込み"},
        "サヨリ": {"minSize": 25, "maxSize": 32, "avgCount": 5, "method": "サヨリ仕掛け"}
      }
    },
    "南芦屋浜": {
      "1-2月": {
        "チヌ": {"minSize": 30, "maxSize": 48, "avgCount": 3, "method": "フカセ/エビ撒き", "bestTime": "朝"},
        "ハネ": {"minSize": 40, "maxSize": 52, "avgCount": 5, "method": "エビ撒き釣り", "bestTime": "朝/夕"},
        "アジ": {"minSize": 14, "maxSize": 18, "avgCount": 15, "method": "サビキ"},
        "サバ": {"minSize": 25, "maxSize": 32, "avgCount": 12, "method": "サビキ"}
      }
    },
    "神戸空港": {
      "冬-春": {
        "アジ": {"minSize": 14, "maxSize": 20, "avgCount": 25, "method": "サビキ", "bestTime": "朝マズメ"},
        "メバル": {"minSize": 16, "maxSize": 22, "avgCount": 6, "method": "エビ撒き"},
        "ガシラ": {"minSize": 16, "maxSize": 22, "avgCount": 8, "method": "探り釣り"},
        "カサゴ": {"minSize": 18, "maxSize": 24, "avgCount": 6, "method": "ルアー"}
      }
    }
  }
}
